hour,load_kw,pv_kw,substation_kw,loss_kw,vmin_pu,vmin_bus,iterations,converged,balance_err_kw
0,495.00000000000006,0.0,501.1206595475287,6.120853525096222,0.9763547552426464,4,4,True,-0.00019397756757566498
1,450.0,0.0,455.039257145028,5.039376218357789,0.9785560755616488,4,4,True,-0.00011907332979976815
2,432.0,0.0,436.6371743767716,4.6372710236811665,0.9794335842260928,4,4,True,-9.664690955535349e-05
3,423.0,0.0,427.4426236459382,4.442710438231532,0.9798716960826437,4,4,True,-8.679229330521565e-05
4,450.0,0.0,455.039257145028,5.039376218357789,0.9785560755616488,4,4,True,-0.00011907332979976815
5,540.0,3.6,543.6161017186663,7.216393127492844,0.9742857930539996,4,4,True,-0.0002914088265209003
6,675.0,27.0,658.6705122444114,10.670525024704034,0.968531214569279,4,5,True,-1.2780292649949843e-05
7,810.0,63.0,761.3956651288094,14.395695706287006,0.9632196171612001,4,5,True,-3.057747776402664e-05
8,855.0,99.0,770.8982510427089,14.89828390794644,0.9624146261999865,4,5,True,-3.286523751988568e-05
9,810.0,135.0,687.0149957133066,12.01501224474877,0.9661288444583729,4,5,True,-1.653144219382341e-05
10,792.0,162.0,640.6305677519445,10.63057894853622,0.9681033401058665,4,5,True,-1.1196591765738617e-05
11,810.0,180.0,640.749715171375,10.749726680139212,0.9679214608654838,4,5,True,-1.1508764337975208e-05
12,828.0000000000001,180.0,659.3555218961001,11.355535504454974,0.9670248999168972,4,5,True,-1.3608355015293228e-05
13,810.0,165.6,655.5361391023658,11.136151991059176,0.9673499456366949,4,5,True,-1.2888693429857767e-05
14,792.0,140.4,662.8283179115846,11.22833129690435,0.9672437984995211,4,5,True,-1.3385319796554995e-05
15,810.0,104.39999999999999,718.5728519077944,12.972873296939174,0.9648986477852202,4,5,True,-2.1389144780670222e-05
16,855.0,63.0,808.2340769847838,16.234121174395085,0.9609439992895757,4,5,True,-4.418961120222775e-05
17,990.0000000000001,21.599999999999998,992.8702379816158,24.470399457263532,0.952302669426866,4,5,True,-0.0001614756478360846
18,1080.0,0.0,1110.6905357220328,30.69086462539134,0.9466882343827273,4,5,True,-0.00032890335855029207
19,1035.0,0.0,1063.0688598002612,28.069110383719497,0.9490438260789646,4,5,True,-0.0002505834583175215
20,900.0,0.0,920.9638906921792,20.963993819303564,0.956033843007168,4,5,True,-0.00010312712432991589
21,765.0,0.0,779.9647822228726,14.964819279298704,0.9629125957536189,4,5,True,-3.7056426103632134e-05
22,630.0,0.0,640.030022426778,10.030033449042223,0.9696847735952552,4,5,True,-1.1022264191140607e-05
23,540.0,0.0,547.3119357410758,7.312238915236369,0.9741425357053637,4,4,True,-0.0003031741605834526
